customer_id,customer_name,email,city,state,signup_date
101,Rahul Sharma,rahul@gmail.com,Jaipur,Rajasthan,2025-01-10
102,Priya Singh,priya@gmail.com,Delhi,Delhi,2025-01-15
103,Amit Verma,amit@gmail.com,Mumbai,Maharashtra,2025-02-05
104,Neha Gupta,neha@gmail.com,Jaipur,Rajasthan,2025-02-18
105,Rohit Kumar,rohit@gmail.com,Pune,Maharashtra,2025-03-01
106,Anjali Meena,anjali@gmail.com,Kota,Rajasthan,2025-03-12
107,Vikas Yadav,vikas@gmail.com,Gurgaon,Haryana,2025-03-20
108,Pooja Jain,pooja@gmail.com,Indore,Madhya Pradesh,2025-04-02
109,Rohit Rajput,rohit.rajput109@gmail.com,Chennai,Tamil Nadu,2020-06-07
110,Akash Singh,akash.singh110@gmail.com,Kolkata,West Bengal,2018-02-04
111,Karan Mishra,karan.mishra111@gmail.com,Lucknow,Uttar Pradesh,2023-09-19
112,Mohit Jain,mohit.jain112@gmail.com,Udaipur,Rajasthan,2024-06-13
113,Karan Meena,karan.meena113@gmail.com,Kota,Rajasthan,2025-10-13
114,Nisha Saini,nisha.saini114@gmail.com,Indore,Madhya Pradesh,2021-06-11
115,Manish Verma,manish.verma115@gmail.com,Jodhpur,Rajasthan,2021-11-21
116,Neha Bansal,neha.bansal116@gmail.com,Indore,Madhya Pradesh,2018-08-19
117,Anjali Rajput,anjali.rajput117@gmail.com,Kolkata,West Bengal,2019-01-25
118,Meena Yadav,meena.yadav118@gmail.com,Chandigarh,Chandigarh,2022-10-12
119,Mohit Verma,mohit.verma119@gmail.com,Pune,Maharashtra,2020-07-01
120,Neha Jain,neha.jain120@gmail.com,Udaipur,Rajasthan,2023-09-07
121,Ravi Choudhary,ravi.choudhary121@gmail.com,Pune,Maharashtra,2025-05-30
122,Kavita Patel,kavita.patel122@gmail.com,Pune,Maharashtra,2016-06-20
123,Shweta Verma,shweta.verma123@gmail.com,Surat,Gujarat,2017-09-08
124,Riya Meena,riya.meena124@gmail.com,Delhi,Delhi,2021-09-02
125,Ravi Saini,ravi.saini125@gmail.com,Udaipur,Rajasthan,2024-08-18
126,Rahul Singh,rahul.singh126@gmail.com,Mumbai,Maharashtra,2023-10-31
127,Manish Rajput,manish.rajput127@gmail.com,Bhopal,Madhya Pradesh,2019-11-24
128,Suresh Verma,suresh.verma128@gmail.com,Kolkata,West Bengal,2022-02-21
129,Shweta Verma,shweta.verma129@gmail.com,Indore,Madhya Pradesh,2016-10-18
130,Mohit Rajput,mohit.rajput130@gmail.com,Chennai,Tamil Nadu,2020-09-15
131,Suresh Rajput,suresh.rajput131@gmail.com,Hyderabad,Telangana,2020-07-04
132,Simran Sharma,simran.sharma132@gmail.com,Udaipur,Rajasthan,2018-02-11
133,Manish Joshi,manish.joshi133@gmail.com,Chennai,Tamil Nadu,2020-11-08
134,Simran Singh,simran.singh134@gmail.com,Lucknow,Uttar Pradesh,2021-08-20
135,Simran Jain,simran.jain135@gmail.com,Jodhpur,Rajasthan,2021-10-18
136,Kavita Agarwal,kavita.agarwal136@gmail.com,Jaipur,Rajasthan,2019-06-09
137,Meena Verma,meena.verma137@gmail.com,Delhi,Delhi,2020-12-29
138,Akash Sharma,akash.sharma138@gmail.com,Delhi,Delhi,2024-01-22
139,Akash Gupta,akash.gupta139@gmail.com,Chandigarh,Chandigarh,2018-06-08
140,Nisha Kumar,nisha.kumar140@gmail.com,Hyderabad,Telangana,2021-10-14
141,Meena Joshi,meena.joshi141@gmail.com,Ahmedabad,Gujarat,2020-06-01
142,Shweta Meena,shweta.meena142@gmail.com,Kota,Rajasthan,2019-01-09
143,Rohit Singh,rohit.singh143@gmail.com,Lucknow,Uttar Pradesh,2023-09-12
144,Riya Choudhary,riya.choudhary144@gmail.com,Udaipur,Rajasthan,2025-07-02
145,Ravi Kumar,ravi.kumar145@gmail.com,Surat,Gujarat,2022-06-30
146,Manish Kumar,manish.kumar146@gmail.com,Pune,Maharashtra,2018-04-21
147,Rahul Joshi,rahul.joshi147@gmail.com,Hyderabad,Telangana,2019-12-17
148,Rohit Meena,rohit.meena148@gmail.com,Udaipur,Rajasthan,2019-12-18
149,Arjun Patel,arjun.patel149@gmail.com,Surat,Gujarat,2022-06-16
150,Suresh Rajput,suresh.rajput150@gmail.com,Patna,Bihar,2018-10-12
151,Suresh Choudhary,suresh.choudhary151@gmail.com,Indore,Madhya Pradesh,2020-09-26
152,Suresh Singh,suresh.singh152@gmail.com,Jodhpur,Rajasthan,2020-11-26
153,Anjali Yadav,anjali.yadav153@gmail.com,Kolkata,West Bengal,2018-09-21
154,Kavita Rajput,kavita.rajput154@gmail.com,Hyderabad,Telangana,2021-03-06
155,Riya Bansal,riya.bansal155@gmail.com,Jaipur,Rajasthan,2023-06-29
156,Priya Joshi,priya.joshi156@gmail.com,Ahmedabad,Gujarat,2019-08-17
157,Anjali Agarwal,anjali.agarwal157@gmail.com,Jodhpur,Rajasthan,2022-08-18
158,Rohit Rajput,rohit.rajput158@gmail.com,Ahmedabad,Gujarat,2023-01-16
159,Vikas Yadav,vikas.yadav159@gmail.com,Kota,Rajasthan,2019-08-30
160,Anjali Joshi,anjali.joshi160@gmail.com,Jodhpur,Rajasthan,2017-08-03
161,Shweta Kumar,shweta.kumar161@gmail.com,Mumbai,Maharashtra,2025-12-28
162,Simran Yadav,simran.yadav162@gmail.com,Pune,Maharashtra,2022-08-04
163,Kavita Sharma,kavita.sharma163@gmail.com,Udaipur,Rajasthan,2025-06-02
164,Riya Yadav,riya.yadav164@gmail.com,Indore,Madhya Pradesh,2016-01-31
165,Suresh Yadav,suresh.yadav165@gmail.com,Kolkata,West Bengal,2020-06-10
166,Ravi Kumar,ravi.kumar166@gmail.com,Hyderabad,Telangana,2021-06-22
167,Shweta Gupta,shweta.gupta167@gmail.com,Patna,Bihar,2019-07-18
168,Karan Bansal,karan.bansal168@gmail.com,Ahmedabad,Gujarat,2018-01-08
169,Arjun Bansal,arjun.bansal169@gmail.com,Jaipur,Rajasthan,2024-07-17
170,Anjali Gupta,anjali.gupta170@gmail.com,Bengaluru,Karnataka,2019-02-09
171,Nisha Joshi,nisha.joshi171@gmail.com,Udaipur,Rajasthan,2018-03-31
172,Nisha Choudhary,nisha.choudhary172@gmail.com,Lucknow,Uttar Pradesh,2025-10-08
173,Kavita Singh,kavita.singh173@gmail.com,Chennai,Tamil Nadu,2025-12-22
174,Pooja Verma,pooja.verma174@gmail.com,Jaipur,Rajasthan,2017-07-22
175,Simran Meena,simran.meena175@gmail.com,Mumbai,Maharashtra,2024-06-17
176,Shweta Mishra,shweta.mishra176@gmail.com,Mumbai,Maharashtra,2018-12-14
177,Nisha Gupta,nisha.gupta177@gmail.com,Chennai,Tamil Nadu,2021-11-27
178,Suresh Mishra,suresh.mishra178@gmail.com,Chandigarh,Chandigarh,2017-03-02
179,Karan Sharma,karan.sharma179@gmail.com,Mumbai,Maharashtra,2020-12-20
180,Meena Kumar,meena.kumar180@gmail.com,Chandigarh,Chandigarh,2016-09-30
181,Akash Patel,akash.patel181@gmail.com,Delhi,Delhi,2024-02-12
182,Karan Yadav,karan.yadav182@gmail.com,Mumbai,Maharashtra,2016-10-09
183,Arjun Joshi,arjun.joshi183@gmail.com,Ahmedabad,Gujarat,2019-11-20
184,Rohit Choudhary,rohit.choudhary184@gmail.com,Lucknow,Uttar Pradesh,2019-04-06
185,Amit Patel,amit.patel185@gmail.com,Patna,Bihar,2018-01-12
186,Rohit Singh,rohit.singh186@gmail.com,Indore,Madhya Pradesh,2024-02-26
187,Priya Kumar,priya.kumar187@gmail.com,Pune,Maharashtra,2021-09-20
188,Akash Sharma,akash.sharma188@gmail.com,Kota,Rajasthan,2018-04-24
189,Meena Rajput,meena.rajput189@gmail.com,Mumbai,Maharashtra,2025-07-02
190,Karan Saini,karan.saini190@gmail.com,Udaipur,Rajasthan,2025-01-06
191,Vikas Verma,vikas.verma191@gmail.com,Mumbai,Maharashtra,2017-01-07
192,Rahul Mishra,rahul.mishra192@gmail.com,Udaipur,Rajasthan,2018-07-04
193,Ravi Choudhary,ravi.choudhary193@gmail.com,Lucknow,Uttar Pradesh,2021-06-02
194,Vikas Bansal,vikas.bansal194@gmail.com,Indore,Madhya Pradesh,2016-09-18
195,Rohit Choudhary,rohit.choudhary195@gmail.com,Indore,Madhya Pradesh,2017-06-08
196,Rohit Agarwal,rohit.agarwal196@gmail.com,Chandigarh,Chandigarh,2016-05-25
197,Meena Gupta,meena.gupta197@gmail.com,Udaipur,Rajasthan,2020-07-05
198,Nisha Meena,nisha.meena198@gmail.com,Patna,Bihar,2021-04-15
199,Meena Patel,meena.patel199@gmail.com,Surat,Gujarat,2016-08-06
200,Simran Kumar,simran.kumar200@gmail.com,Chennai,Tamil Nadu,2024-02-08
201,Priya Kumar,priya.kumar201@gmail.com,Lucknow,Uttar Pradesh,2020-01-03
202,Meena Kumar,meena.kumar202@gmail.com,Hyderabad,Telangana,2017-12-07
203,Priya Rajput,priya.rajput203@gmail.com,Ahmedabad,Gujarat,2020-08-20
204,Mohit Bansal,mohit.bansal204@gmail.com,Jaipur,Rajasthan,2022-02-09
205,Suresh Bansal,suresh.bansal205@gmail.com,Delhi,Delhi,2023-06-18
206,Pooja Meena,pooja.meena206@gmail.com,Bengaluru,Karnataka,2023-08-10
207,Ravi Bansal,ravi.bansal207@gmail.com,Lucknow,Uttar Pradesh,2022-04-16
208,Sneha Singh,sneha.singh208@gmail.com,Pune,Maharashtra,2025-06-05
209,Rohit Joshi,rohit.joshi209@gmail.com,Patna,Bihar,2024-04-10
210,Manish Jain,manish.jain210@gmail.com,Delhi,Delhi,2018-03-28
211,Meena Choudhary,meena.choudhary211@gmail.com,Bhopal,Madhya Pradesh,2024-12-17
212,Rohit Patel,rohit.patel212@gmail.com,Jodhpur,Rajasthan,2020-08-05
213,Arjun Kumar,arjun.kumar213@gmail.com,Kota,Rajasthan,2024-04-26
214,Kavita Patel,kavita.patel214@gmail.com,Udaipur,Rajasthan,2025-12-03
215,Deepak Kumar,deepak.kumar215@gmail.com,Udaipur,Rajasthan,2018-07-30
216,Anjali Yadav,anjali.yadav216@gmail.com,Udaipur,Rajasthan,2021-01-08
217,Priya Sharma,priya.sharma217@gmail.com,Kota,Rajasthan,2017-10-31
218,Neha Saini,neha.saini218@gmail.com,Hyderabad,Telangana,2021-09-06
219,Shweta Saini,shweta.saini219@gmail.com,Indore,Madhya Pradesh,2019-12-26
220,Karan Choudhary,karan.choudhary220@gmail.com,Bhopal,Madhya Pradesh,2023-11-07
221,Karan Sharma,karan.sharma221@gmail.com,Surat,Gujarat,2017-11-21
222,Pooja Verma,pooja.verma222@gmail.com,Delhi,Delhi,2022-07-28
223,Ravi Saini,ravi.saini223@gmail.com,Mumbai,Maharashtra,2016-01-03
224,Arjun Patel,arjun.patel224@gmail.com,Bengaluru,Karnataka,2024-02-07
225,Rohit Bansal,rohit.bansal225@gmail.com,Jodhpur,Rajasthan,2016-05-27
226,Ravi Choudhary,ravi.choudhary226@gmail.com,Jodhpur,Rajasthan,2024-11-04
227,Shweta Patel,shweta.patel227@gmail.com,Delhi,Delhi,2025-04-28
228,Shweta Agarwal,shweta.agarwal228@gmail.com,Indore,Madhya Pradesh,2022-08-23
229,Deepak Rajput,deepak.rajput229@gmail.com,Lucknow,Uttar Pradesh,2017-10-29
230,Karan Meena,karan.meena230@gmail.com,Bengaluru,Karnataka,2025-11-10
231,Akash Yadav,akash.yadav231@gmail.com,Indore,Madhya Pradesh,2019-09-08
232,Nisha Verma,nisha.verma232@gmail.com,Delhi,Delhi,2016-02-21
233,Manish Yadav,manish.yadav233@gmail.com,Udaipur,Rajasthan,2020-08-09
234,Pooja Meena,pooja.meena234@gmail.com,Pune,Maharashtra,2021-05-14
235,Priya Meena,priya.meena235@gmail.com,Ahmedabad,Gujarat,2019-03-08
236,Rahul Verma,rahul.verma236@gmail.com,Mumbai,Maharashtra,2023-12-13
237,Rahul Patel,rahul.patel237@gmail.com,Bhopal,Madhya Pradesh,2020-10-08
238,Kavita Yadav,kavita.yadav238@gmail.com,Bengaluru,Karnataka,2025-11-06
239,Riya Joshi,riya.joshi239@gmail.com,Kota,Rajasthan,2024-07-21
240,Karan Rajput,karan.rajput240@gmail.com,Chennai,Tamil Nadu,2016-04-15
241,Vikas Choudhary,vikas.choudhary241@gmail.com,Jaipur,Rajasthan,2018-08-07
242,Rahul Jain,rahul.jain242@gmail.com,Bhopal,Madhya Pradesh,2025-02-18
243,Ravi Agarwal,ravi.agarwal243@gmail.com,Chennai,Tamil Nadu,2016-08-15
244,Priya Agarwal,priya.agarwal244@gmail.com,Jodhpur,Rajasthan,2021-12-08
245,Priya Kumar,priya.kumar245@gmail.com,Patna,Bihar,2025-03-03
246,Shweta Saini,shweta.saini246@gmail.com,Hyderabad,Telangana,2020-10-13
247,Meena Rajput,meena.rajput247@gmail.com,Chandigarh,Chandigarh,2025-02-02
248,Suresh Choudhary,suresh.choudhary248@gmail.com,Hyderabad,Telangana,2016-02-04
249,Karan Agarwal,karan.agarwal249@gmail.com,Kota,Rajasthan,2017-02-17
250,Simran Sharma,simran.sharma250@gmail.com,Hyderabad,Telangana,2020-06-19
251,Rahul Jain,rahul.jain251@gmail.com,Lucknow,Uttar Pradesh,2023-12-02
252,Shweta Jain,shweta.jain252@gmail.com,Surat,Gujarat,2018-08-07
253,Anjali Patel,anjali.patel253@gmail.com,Bhopal,Madhya Pradesh,2017-10-14
254,Rohit Choudhary,rohit.choudhary254@gmail.com,Jodhpur,Rajasthan,2020-08-28
255,Priya Saini,priya.saini255@gmail.com,Chandigarh,Chandigarh,2023-03-18
256,Rahul Choudhary,rahul.choudhary256@gmail.com,Pune,Maharashtra,2023-11-24
257,Shweta Rajput,shweta.rajput257@gmail.com,Chennai,Tamil Nadu,2018-10-18
258,Arjun Jain,arjun.jain258@gmail.com,Mumbai,Maharashtra,2019-02-27
259,Meena Kumar,meena.kumar259@gmail.com,Jodhpur,Rajasthan,2025-07-22
260,Manish Choudhary,manish.choudhary260@gmail.com,Pune,Maharashtra,2017-09-24
261,Vikas Jain,vikas.jain261@gmail.com,Patna,Bihar,2025-05-12
262,Mohit Agarwal,mohit.agarwal262@gmail.com,Surat,Gujarat,2017-05-18
263,Nisha Mishra,nisha.mishra263@gmail.com,Jaipur,Rajasthan,2023-11-05
264,Ravi Saini,ravi.saini264@gmail.com,Udaipur,Rajasthan,2018-11-07
265,Komal Joshi,komal.joshi265@gmail.com,Udaipur,Rajasthan,2017-06-24
266,Deepak Sharma,deepak.sharma266@gmail.com,Kolkata,West Bengal,2021-01-05
267,Rohit Yadav,rohit.yadav267@gmail.com,Lucknow,Uttar Pradesh,2024-06-06
268,Kavita Mishra,kavita.mishra268@gmail.com,Surat,Gujarat,2019-06-11
269,Amit Gupta,amit.gupta269@gmail.com,Bengaluru,Karnataka,2025-09-27
270,Mohit Jain,mohit.jain270@gmail.com,Jodhpur,Rajasthan,2019-12-30
271,Neha Patel,neha.patel271@gmail.com,Kolkata,West Bengal,2018-10-11
272,Akash Sharma,akash.sharma272@gmail.com,Jodhpur,Rajasthan,2022-12-31
273,Amit Joshi,amit.joshi273@gmail.com,Udaipur,Rajasthan,2022-08-16
274,Rohit Joshi,rohit.joshi274@gmail.com,Chandigarh,Chandigarh,2024-01-11
275,Pooja Verma,pooja.verma275@gmail.com,Surat,Gujarat,2017-11-08
276,Mohit Rajput,mohit.rajput276@gmail.com,Kota,Rajasthan,2016-11-29
277,Suresh Joshi,suresh.joshi277@gmail.com,Chandigarh,Chandigarh,2016-01-03
278,Amit Kumar,amit.kumar278@gmail.com,Jaipur,Rajasthan,2024-08-09
279,Meena Rajput,meena.rajput279@gmail.com,Patna,Bihar,2018-04-16
280,Akash Verma,akash.verma280@gmail.com,Jodhpur,Rajasthan,2022-10-20
281,Meena Patel,meena.patel281@gmail.com,Udaipur,Rajasthan,2023-11-05
282,Rahul Bansal,rahul.bansal282@gmail.com,Bhopal,Madhya Pradesh,2020-01-15
283,Manish Verma,manish.verma283@gmail.com,Udaipur,Rajasthan,2017-09-12
284,Karan Jain,karan.jain284@gmail.com,Lucknow,Uttar Pradesh,2021-08-18
285,Rohit Bansal,rohit.bansal285@gmail.com,Surat,Gujarat,2017-10-24
286,Priya Sharma,priya.sharma286@gmail.com,Kota,Rajasthan,2016-04-09
287,Rohit Choudhary,rohit.choudhary287@gmail.com,Bengaluru,Karnataka,2025-10-01
288,Deepak Jain,deepak.jain288@gmail.com,Jaipur,Rajasthan,2016-08-13
289,Amit Sharma,amit.sharma289@gmail.com,Kota,Rajasthan,2024-06-16
290,Priya Saini,priya.saini290@gmail.com,Kota,Rajasthan,2019-02-03
291,Mohit Kumar,mohit.kumar291@gmail.com,Pune,Maharashtra,2025-08-05
292,Riya Jain,riya.jain292@gmail.com,Indore,Madhya Pradesh,2018-08-21
293,Akash Agarwal,akash.agarwal293@gmail.com,Surat,Gujarat,2017-04-01
294,Ravi Jain,ravi.jain294@gmail.com,Mumbai,Maharashtra,2020-07-30
295,Karan Choudhary,karan.choudhary295@gmail.com,Delhi,Delhi,2022-06-11
296,Ravi Kumar,ravi.kumar296@gmail.com,Udaipur,Rajasthan,2020-07-05
297,Rahul Saini,rahul.saini297@gmail.com,Chandigarh,Chandigarh,2020-02-17
298,Rohit Mishra,rohit.mishra298@gmail.com,Udaipur,Rajasthan,2025-04-12
299,Rohit Gupta,rohit.gupta299@gmail.com,Chennai,Tamil Nadu,2020-10-14
300,Deepak Saini,deepak.saini300@gmail.com,Chennai,Tamil Nadu,2025-05-31
301,Anjali Saini,anjali.saini301@gmail.com,Bhopal,Madhya Pradesh,2018-12-13
302,Deepak Agarwal,deepak.agarwal302@gmail.com,Mumbai,Maharashtra,2025-01-14
303,Kavita Saini,kavita.saini303@gmail.com,Surat,Gujarat,2020-02-24
304,Pooja Singh,pooja.singh304@gmail.com,Hyderabad,Telangana,2019-07-26
305,Deepak Choudhary,deepak.choudhary305@gmail.com,Bengaluru,Karnataka,2022-08-03
306,Nisha Agarwal,nisha.agarwal306@gmail.com,Mumbai,Maharashtra,2018-10-15
307,Arjun Jain,arjun.jain307@gmail.com,Kota,Rajasthan,2020-07-12
308,Nisha Jain,nisha.jain308@gmail.com,Pune,Maharashtra,2025-07-07
309,Shweta Choudhary,shweta.choudhary309@gmail.com,Hyderabad,Telangana,2024-02-16
310,Ravi Bansal,ravi.bansal310@gmail.com,Bengaluru,Karnataka,2023-07-09
311,Suresh Rajput,suresh.rajput311@gmail.com,Delhi,Delhi,2019-07-09
312,Akash Saini,akash.saini312@gmail.com,Surat,Gujarat,2016-02-12
313,Neha Singh,neha.singh313@gmail.com,Bhopal,Madhya Pradesh,2024-10-27
314,Neha Singh,neha.singh314@gmail.com,Mumbai,Maharashtra,2021-05-02
315,Riya Kumar,riya.kumar315@gmail.com,Lucknow,Uttar Pradesh,2019-01-25
316,Priya Patel,priya.patel316@gmail.com,Jaipur,Rajasthan,2020-10-29
317,Rahul Bansal,rahul.bansal317@gmail.com,Ahmedabad,Gujarat,2019-09-16
318,Anjali Verma,anjali.verma318@gmail.com,Hyderabad,Telangana,2022-02-13
319,Karan Meena,karan.meena319@gmail.com,Bengaluru,Karnataka,2025-01-28
320,Meena Yadav,meena.yadav320@gmail.com,Lucknow,Uttar Pradesh,2020-04-23
321,Mohit Choudhary,mohit.choudhary321@gmail.com,Udaipur,Rajasthan,2023-10-02
322,Sneha Patel,sneha.patel322@gmail.com,Chennai,Tamil Nadu,2019-01-04
323,Rahul Verma,rahul.verma323@gmail.com,Lucknow,Uttar Pradesh,2021-06-20
324,Anjali Choudhary,anjali.choudhary324@gmail.com,Udaipur,Rajasthan,2020-11-02
325,Ravi Mishra,ravi.mishra325@gmail.com,Patna,Bihar,2021-03-15
326,Akash Rajput,akash.rajput326@gmail.com,Patna,Bihar,2022-02-21
327,Karan Yadav,karan.yadav327@gmail.com,Bhopal,Madhya Pradesh,2019-04-30
328,Neha Bansal,neha.bansal328@gmail.com,Lucknow,Uttar Pradesh,2016-06-07
329,Riya Yadav,riya.yadav329@gmail.com,Chandigarh,Chandigarh,2017-04-22
330,Vikas Verma,vikas.verma330@gmail.com,Chandigarh,Chandigarh,2025-01-17
331,Nisha Verma,nisha.verma331@gmail.com,Kota,Rajasthan,2018-03-12
332,Riya Mishra,riya.mishra332@gmail.com,Hyderabad,Telangana,2023-06-30
333,Amit Singh,amit.singh333@gmail.com,Delhi,Delhi,2018-11-03
334,Akash Bansal,akash.bansal334@gmail.com,Chennai,Tamil Nadu,2021-08-25
335,Sneha Joshi,sneha.joshi335@gmail.com,Indore,Madhya Pradesh,2023-08-13
336,Neha Choudhary,neha.choudhary336@gmail.com,Pune,Maharashtra,2023-07-16
337,Komal Meena,komal.meena337@gmail.com,Chandigarh,Chandigarh,2024-05-01
338,Riya Jain,riya.jain338@gmail.com,Lucknow,Uttar Pradesh,2022-11-07
339,Arjun Jain,arjun.jain339@gmail.com,Ahmedabad,Gujarat,2025-04-22
340,Deepak Singh,deepak.singh340@gmail.com,Bhopal,Madhya Pradesh,2019-05-05
341,Simran Yadav,simran.yadav341@gmail.com,Bhopal,Madhya Pradesh,2021-07-08
342,Rohit Sharma,rohit.sharma342@gmail.com,Ahmedabad,Gujarat,2025-12-01
343,Nisha Joshi,nisha.joshi343@gmail.com,Ahmedabad,Gujarat,2017-01-04
344,Arjun Meena,arjun.meena344@gmail.com,Kota,Rajasthan,2018-01-10
345,Deepak Patel,deepak.patel345@gmail.com,Kolkata,West Bengal,2020-06-02
346,Kavita Kumar,kavita.kumar346@gmail.com,Hyderabad,Telangana,2021-01-03
347,Sneha Gupta,sneha.gupta347@gmail.com,Kota,Rajasthan,2023-07-11
348,Nisha Choudhary,nisha.choudhary348@gmail.com,Patna,Bihar,2024-08-15
349,Komal Yadav,komal.yadav349@gmail.com,Patna,Bihar,2023-08-26
350,Komal Jain,komal.jain350@gmail.com,Kolkata,West Bengal,2018-12-18
351,Deepak Rajput,deepak.rajput351@gmail.com,Surat,Gujarat,2024-01-28
352,Rohit Jain,rohit.jain352@gmail.com,Lucknow,Uttar Pradesh,2024-06-10
353,Nisha Jain,nisha.jain353@gmail.com,Patna,Bihar,2022-06-02
354,Meena Singh,meena.singh354@gmail.com,Patna,Bihar,2017-04-16
355,Shweta Choudhary,shweta.choudhary355@gmail.com,Patna,Bihar,2023-08-21
356,Arjun Sharma,arjun.sharma356@gmail.com,Udaipur,Rajasthan,2018-01-15
357,Karan Rajput,karan.rajput357@gmail.com,Patna,Bihar,2020-11-16
358,Meena Bansal,meena.bansal358@gmail.com,Surat,Gujarat,2019-12-23
359,Pooja Saini,pooja.saini359@gmail.com,Jodhpur,Rajasthan,2023-08-26
360,Rohit Verma,rohit.verma360@gmail.com,Bengaluru,Karnataka,2021-10-20
361,Suresh Patel,suresh.patel361@gmail.com,Surat,Gujarat,2024-03-28
362,Amit Sharma,amit.sharma362@gmail.com,Pune,Maharashtra,2025-01-18
363,Arjun Singh,arjun.singh363@gmail.com,Chandigarh,Chandigarh,2022-10-06
364,Priya Joshi,priya.joshi364@gmail.com,Lucknow,Uttar Pradesh,2016-11-12
365,Priya Choudhary,priya.choudhary365@gmail.com,Ahmedabad,Gujarat,2024-05-19
366,Neha Patel,neha.patel366@gmail.com,Delhi,Delhi,2017-08-15
367,Pooja Bansal,pooja.bansal367@gmail.com,Ahmedabad,Gujarat,2016-12-14
368,Karan Gupta,karan.gupta368@gmail.com,Kolkata,West Bengal,2021-01-11
369,Mohit Saini,mohit.saini369@gmail.com,Kolkata,West Bengal,2024-08-11
370,Rahul Gupta,rahul.gupta370@gmail.com,Delhi,Delhi,2020-11-08
371,Karan Meena,karan.meena371@gmail.com,Indore,Madhya Pradesh,2024-11-26
372,Kavita Choudhary,kavita.choudhary372@gmail.com,Hyderabad,Telangana,2020-05-25
373,Rohit Gupta,rohit.gupta373@gmail.com,Bengaluru,Karnataka,2024-11-13
374,Vikas Joshi,vikas.joshi374@gmail.com,Jodhpur,Rajasthan,2022-05-05
375,Manish Choudhary,manish.choudhary375@gmail.com,Ahmedabad,Gujarat,2024-07-14
376,Meena Joshi,meena.joshi376@gmail.com,Mumbai,Maharashtra,2023-05-29
377,Karan Kumar,karan.kumar377@gmail.com,Udaipur,Rajasthan,2021-03-10
378,Meena Bansal,meena.bansal378@gmail.com,Kolkata,West Bengal,2023-08-06
379,Neha Saini,neha.saini379@gmail.com,Surat,Gujarat,2025-03-22
380,Riya Meena,riya.meena380@gmail.com,Udaipur,Rajasthan,2017-05-14
381,Neha Singh,neha.singh381@gmail.com,Pune,Maharashtra,2018-07-22
382,Amit Gupta,amit.gupta382@gmail.com,Surat,Gujarat,2025-08-20
383,Komal Meena,komal.meena383@gmail.com,Surat,Gujarat,2020-11-20
384,Meena Mishra,meena.mishra384@gmail.com,Lucknow,Uttar Pradesh,2021-07-17
385,Meena Gupta,meena.gupta385@gmail.com,Pune,Maharashtra,2024-05-21
386,Pooja Jain,pooja.jain386@gmail.com,Mumbai,Maharashtra,2024-11-28
387,Kavita Jain,kavita.jain387@gmail.com,Patna,Bihar,2023-03-20
388,Deepak Agarwal,deepak.agarwal388@gmail.com,Chennai,Tamil Nadu,2016-04-19
389,Akash Verma,akash.verma389@gmail.com,Mumbai,Maharashtra,2019-03-06
390,Anjali Meena,anjali.meena390@gmail.com,Bhopal,Madhya Pradesh,2016-04-13
391,Neha Jain,neha.jain391@gmail.com,Delhi,Delhi,2023-08-02
392,Mohit Joshi,mohit.joshi392@gmail.com,Ahmedabad,Gujarat,2024-06-23
393,Ravi Mishra,ravi.mishra393@gmail.com,Hyderabad,Telangana,2022-04-04
394,Shweta Joshi,shweta.joshi394@gmail.com,Chandigarh,Chandigarh,2018-10-15
395,Riya Kumar,riya.kumar395@gmail.com,Kota,Rajasthan,2021-04-27
396,Rohit Saini,rohit.saini396@gmail.com,Chennai,Tamil Nadu,2019-12-15
397,Mohit Jain,mohit.jain397@gmail.com,Chandigarh,Chandigarh,2020-02-21
398,Amit Mishra,amit.mishra398@gmail.com,Patna,Bihar,2023-02-07
399,Kavita Sharma,kavita.sharma399@gmail.com,Jaipur,Rajasthan,2018-07-28
400,Neha Mishra,neha.mishra400@gmail.com,Surat,Gujarat,2018-07-08
401,Mohit Meena,mohit.meena401@gmail.com,Jaipur,Rajasthan,2016-11-07
402,Rohit Joshi,rohit.joshi402@gmail.com,Pune,Maharashtra,2023-01-23
403,Komal Choudhary,komal.choudhary403@gmail.com,Surat,Gujarat,2018-12-23
404,Kavita Yadav,kavita.yadav404@gmail.com,Ahmedabad,Gujarat,2018-06-02
405,Anjali Sharma,anjali.sharma405@gmail.com,Mumbai,Maharashtra,2017-06-01
406,Akash Kumar,akash.kumar406@gmail.com,Jaipur,Rajasthan,2017-07-05
407,Suresh Yadav,suresh.yadav407@gmail.com,Jaipur,Rajasthan,2019-05-30
408,Manish Jain,manish.jain408@gmail.com,Indore,Madhya Pradesh,2020-11-03
409,Karan Gupta,karan.gupta409@gmail.com,Delhi,Delhi,2019-08-07
410,Pooja Patel,pooja.patel410@gmail.com,Surat,Gujarat,2024-09-07
411,Arjun Verma,arjun.verma411@gmail.com,Lucknow,Uttar Pradesh,2019-04-01
412,Ravi Yadav,ravi.yadav412@gmail.com,Jaipur,Rajasthan,2020-06-17
413,Akash Choudhary,akash.choudhary413@gmail.com,Kota,Rajasthan,2017-08-09
414,Neha Meena,neha.meena414@gmail.com,Udaipur,Rajasthan,2016-12-02
415,Rohit Sharma,rohit.sharma415@gmail.com,Chandigarh,Chandigarh,2017-10-26
416,Amit Kumar,amit.kumar416@gmail.com,Jodhpur,Rajasthan,2023-08-15
417,Riya Verma,riya.verma417@gmail.com,Jodhpur,Rajasthan,2021-03-26
418,Deepak Joshi,deepak.joshi418@gmail.com,Bhopal,Madhya Pradesh,2020-01-02
419,Suresh Bansal,suresh.bansal419@gmail.com,Bengaluru,Karnataka,2022-06-17
420,Anjali Patel,anjali.patel420@gmail.com,Lucknow,Uttar Pradesh,2025-11-09
421,Suresh Gupta,suresh.gupta421@gmail.com,Delhi,Delhi,2025-07-23
422,Manish Mishra,manish.mishra422@gmail.com,Hyderabad,Telangana,2025-12-26
423,Neha Meena,neha.meena423@gmail.com,Lucknow,Uttar Pradesh,2024-02-24
424,Kavita Jain,kavita.jain424@gmail.com,Indore,Madhya Pradesh,2017-08-08
425,Kavita Verma,kavita.verma425@gmail.com,Bengaluru,Karnataka,2020-08-20
426,Kavita Bansal,kavita.bansal426@gmail.com,Jodhpur,Rajasthan,2024-01-11
427,Priya Meena,priya.meena427@gmail.com,Pune,Maharashtra,2016-09-13
428,Anjali Joshi,anjali.joshi428@gmail.com,Lucknow,Uttar Pradesh,2024-09-16
429,Kavita Choudhary,kavita.choudhary429@gmail.com,Indore,Madhya Pradesh,2019-02-15
430,Komal Kumar,komal.kumar430@gmail.com,Hyderabad,Telangana,2018-02-15
431,Mohit Kumar,mohit.kumar431@gmail.com,Kolkata,West Bengal,2022-01-22
432,Vikas Rajput,vikas.rajput432@gmail.com,Bengaluru,Karnataka,2017-12-28
433,Suresh Sharma,suresh.sharma433@gmail.com,Chandigarh,Chandigarh,2016-07-21
434,Meena Agarwal,meena.agarwal434@gmail.com,Hyderabad,Telangana,2019-02-16
435,Simran Patel,simran.patel435@gmail.com,Jodhpur,Rajasthan,2024-05-31
436,Karan Kumar,karan.kumar436@gmail.com,Chennai,Tamil Nadu,2017-04-10
437,Priya Sharma,priya.sharma437@gmail.com,Surat,Gujarat,2021-02-18
438,Kavita Meena,kavita.meena438@gmail.com,Chennai,Tamil Nadu,2025-11-02
439,Vikas Sharma,vikas.sharma439@gmail.com,Jaipur,Rajasthan,2021-02-27
440,Pooja Bansal,pooja.bansal440@gmail.com,Bhopal,Madhya Pradesh,2024-04-02
441,Deepak Agarwal,deepak.agarwal441@gmail.com,Kota,Rajasthan,2021-07-11
442,Sneha Rajput,sneha.rajput442@gmail.com,Kolkata,West Bengal,2021-09-22
443,Mohit Agarwal,mohit.agarwal443@gmail.com,Delhi,Delhi,2023-09-19
444,Meena Kumar,meena.kumar444@gmail.com,Ahmedabad,Gujarat,2025-07-07
445,Ravi Sharma,ravi.sharma445@gmail.com,Jaipur,Rajasthan,2023-05-11
446,Karan Saini,karan.saini446@gmail.com,Ahmedabad,Gujarat,2025-02-04
447,Mohit Patel,mohit.patel447@gmail.com,Chennai,Tamil Nadu,2019-02-28
448,Rahul Yadav,rahul.yadav448@gmail.com,Udaipur,Rajasthan,2019-12-17
449,Suresh Kumar,suresh.kumar449@gmail.com,Kolkata,West Bengal,2017-12-02
450,Akash Mishra,akash.mishra450@gmail.com,Chandigarh,Chandigarh,2018-03-19
451,Arjun Yadav,arjun.yadav451@gmail.com,Bhopal,Madhya Pradesh,2023-08-24
452,Komal Joshi,komal.joshi452@gmail.com,Pune,Maharashtra,2020-07-08
453,Rohit Choudhary,rohit.choudhary453@gmail.com,Chennai,Tamil Nadu,2023-07-14
454,Mohit Mishra,mohit.mishra454@gmail.com,Hyderabad,Telangana,2020-02-08
455,Mohit Patel,mohit.patel455@gmail.com,Kolkata,West Bengal,2024-11-11
456,Shweta Jain,shweta.jain456@gmail.com,Jodhpur,Rajasthan,2016-03-15
457,Manish Choudhary,manish.choudhary457@gmail.com,Surat,Gujarat,2016-03-17
458,Meena Mishra,meena.mishra458@gmail.com,Pune,Maharashtra,2024-09-20
459,Ravi Patel,ravi.patel459@gmail.com,Chennai,Tamil Nadu,2019-08-17
460,Kavita Meena,kavita.meena460@gmail.com,Hyderabad,Telangana,2021-08-01
461,Sneha Saini,sneha.saini461@gmail.com,Jaipur,Rajasthan,2022-07-30
462,Ravi Jain,ravi.jain462@gmail.com,Surat,Gujarat,2016-03-13
463,Arjun Saini,arjun.saini463@gmail.com,Pune,Maharashtra,2019-10-08
464,Anjali Meena,anjali.meena464@gmail.com,Udaipur,Rajasthan,2019-09-07
465,Neha Meena,neha.meena465@gmail.com,Jaipur,Rajasthan,2025-09-23
466,Pooja Verma,pooja.verma466@gmail.com,Jodhpur,Rajasthan,2020-10-02
467,Deepak Patel,deepak.patel467@gmail.com,Pune,Maharashtra,2018-06-24
468,Vikas Mishra,vikas.mishra468@gmail.com,Kota,Rajasthan,2020-07-10
469,Neha Yadav,neha.yadav469@gmail.com,Surat,Gujarat,2018-02-16
470,Neha Sharma,neha.sharma470@gmail.com,Surat,Gujarat,2016-12-17
471,Pooja Joshi,pooja.joshi471@gmail.com,Kolkata,West Bengal,2020-11-19
472,Rohit Verma,rohit.verma472@gmail.com,Delhi,Delhi,2017-04-18
473,Kavita Rajput,kavita.rajput473@gmail.com,Mumbai,Maharashtra,2024-10-09
474,Komal Singh,komal.singh474@gmail.com,Patna,Bihar,2022-12-25
475,Arjun Mishra,arjun.mishra475@gmail.com,Hyderabad,Telangana,2016-05-30
476,Anjali Mishra,anjali.mishra476@gmail.com,Mumbai,Maharashtra,2018-07-21
477,Manish Singh,manish.singh477@gmail.com,Indore,Madhya Pradesh,2024-09-28
478,Deepak Saini,deepak.saini478@gmail.com,Bengaluru,Karnataka,2021-03-02
479,Neha Gupta,neha.gupta479@gmail.com,Surat,Gujarat,2017-02-08
480,Akash Meena,akash.meena480@gmail.com,Hyderabad,Telangana,2021-09-26
481,Priya Gupta,priya.gupta481@gmail.com,Bhopal,Madhya Pradesh,2019-11-01
482,Sneha Singh,sneha.singh482@gmail.com,Lucknow,Uttar Pradesh,2016-10-09
483,Neha Verma,neha.verma483@gmail.com,Hyderabad,Telangana,2025-05-30
484,Rohit Verma,rohit.verma484@gmail.com,Chandigarh,Chandigarh,2023-02-06
485,Sneha Gupta,sneha.gupta485@gmail.com,Kota,Rajasthan,2024-08-14
486,Vikas Joshi,vikas.joshi486@gmail.com,Ahmedabad,Gujarat,2016-06-13
487,Vikas Verma,vikas.verma487@gmail.com,Bhopal,Madhya Pradesh,2023-02-18
488,Akash Agarwal,akash.agarwal488@gmail.com,Bhopal,Madhya Pradesh,2023-05-04
489,Karan Jain,karan.jain489@gmail.com,Kolkata,West Bengal,2018-05-02
490,Pooja Gupta,pooja.gupta490@gmail.com,Udaipur,Rajasthan,2016-12-10
491,Neha Patel,neha.patel491@gmail.com,Jaipur,Rajasthan,2023-04-30
492,Karan Gupta,karan.gupta492@gmail.com,Surat,Gujarat,2020-07-12
493,Sneha Jain,sneha.jain493@gmail.com,Indore,Madhya Pradesh,2020-05-12
494,Anjali Meena,anjali.meena494@gmail.com,Udaipur,Rajasthan,2017-12-14
495,Rohit Yadav,rohit.yadav495@gmail.com,Bhopal,Madhya Pradesh,2025-02-23
496,Anjali Meena,anjali.meena496@gmail.com,Bengaluru,Karnataka,2025-03-17
497,Anjali Gupta,anjali.gupta497@gmail.com,Bhopal,Madhya Pradesh,2016-05-19
498,Rohit Kumar,rohit.kumar498@gmail.com,Chandigarh,Chandigarh,2016-04-27
499,Komal Agarwal,komal.agarwal499@gmail.com,Jodhpur,Rajasthan,2020-12-21
500,Sneha Jain,sneha.jain500@gmail.com,Bengaluru,Karnataka,2022-03-10
501,Akash Mishra,akash.mishra501@gmail.com,Udaipur,Rajasthan,2024-10-25
502,Priya Meena,priya.meena502@gmail.com,Surat,Gujarat,2024-02-25
503,Shweta Patel,shweta.patel503@gmail.com,Kolkata,West Bengal,2019-07-24
504,Neha Patel,neha.patel504@gmail.com,Pune,Maharashtra,2016-10-17
505,Nisha Agarwal,nisha.agarwal505@gmail.com,Jaipur,Rajasthan,2023-08-21
506,Shweta Bansal,shweta.bansal506@gmail.com,Kota,Rajasthan,2018-12-04
507,Karan Yadav,karan.yadav507@gmail.com,Mumbai,Maharashtra,2022-10-03
508,Amit Jain,amit.jain508@gmail.com,Patna,Bihar,2018-04-13
509,Komal Sharma,komal.sharma509@gmail.com,Ahmedabad,Gujarat,2020-10-19
510,Anjali Saini,anjali.saini510@gmail.com,Udaipur,Rajasthan,2023-08-19
511,Riya Saini,riya.saini511@gmail.com,Udaipur,Rajasthan,2025-08-25
512,Kavita Saini,kavita.saini512@gmail.com,Lucknow,Uttar Pradesh,2023-06-18
513,Kavita Joshi,kavita.joshi513@gmail.com,Chennai,Tamil Nadu,2021-01-27
514,Riya Agarwal,riya.agarwal514@gmail.com,Patna,Bihar,2021-05-06
515,Simran Kumar,simran.kumar515@gmail.com,Jodhpur,Rajasthan,2022-12-26
516,Akash Agarwal,akash.agarwal516@gmail.com,Jaipur,Rajasthan,2025-06-14
517,Suresh Patel,suresh.patel517@gmail.com,Lucknow,Uttar Pradesh,2023-04-12
518,Meena Yadav,meena.yadav518@gmail.com,Bengaluru,Karnataka,2023-08-29
519,Vikas Gupta,vikas.gupta519@gmail.com,Pune,Maharashtra,2025-09-18
520,Arjun Choudhary,arjun.choudhary520@gmail.com,Lucknow,Uttar Pradesh,2019-05-28
521,Komal Jain,komal.jain521@gmail.com,Udaipur,Rajasthan,2023-08-04
522,Karan Choudhary,karan.choudhary522@gmail.com,Chandigarh,Chandigarh,2019-06-03
523,Vikas Joshi,vikas.joshi523@gmail.com,Ahmedabad,Gujarat,2019-09-12
524,Sneha Yadav,sneha.yadav524@gmail.com,Ahmedabad,Gujarat,2018-02-15
525,Shweta Singh,shweta.singh525@gmail.com,Mumbai,Maharashtra,2022-02-17
526,Nisha Choudhary,nisha.choudhary526@gmail.com,Chennai,Tamil Nadu,2019-01-08
527,Komal Meena,komal.meena527@gmail.com,Indore,Madhya Pradesh,2017-03-01
528,Mohit Mishra,mohit.mishra528@gmail.com,Bhopal,Madhya Pradesh,2023-04-01
529,Komal Joshi,komal.joshi529@gmail.com,Kota,Rajasthan,2017-11-14
530,Suresh Rajput,suresh.rajput530@gmail.com,Udaipur,Rajasthan,2018-04-14
531,Suresh Joshi,suresh.joshi531@gmail.com,Chandigarh,Chandigarh,2025-09-28
532,Vikas Mishra,vikas.mishra532@gmail.com,Bengaluru,Karnataka,2021-09-14
533,Mohit Mishra,mohit.mishra533@gmail.com,Hyderabad,Telangana,2022-09-30
534,Suresh Gupta,suresh.gupta534@gmail.com,Chennai,Tamil Nadu,2016-04-27
535,Priya Mishra,priya.mishra535@gmail.com,Bengaluru,Karnataka,2019-06-10
536,Rahul Jain,rahul.jain536@gmail.com,Jaipur,Rajasthan,2021-05-27
537,Rahul Patel,rahul.patel537@gmail.com,Patna,Bihar,2022-05-13
538,Manish Kumar,manish.kumar538@gmail.com,Chandigarh,Chandigarh,2024-11-08
539,Kavita Meena,kavita.meena539@gmail.com,Bhopal,Madhya Pradesh,2021-09-15
540,Riya Yadav,riya.yadav540@gmail.com,Chennai,Tamil Nadu,2024-05-02
541,Shweta Verma,shweta.verma541@gmail.com,Ahmedabad,Gujarat,2025-12-15
542,Ravi Meena,ravi.meena542@gmail.com,Bhopal,Madhya Pradesh,2025-12-24
543,Amit Choudhary,amit.choudhary543@gmail.com,Patna,Bihar,2023-03-27
544,Mohit Singh,mohit.singh544@gmail.com,Surat,Gujarat,2022-06-16
545,Rahul Verma,rahul.verma545@gmail.com,Hyderabad,Telangana,2022-08-20
546,Suresh Gupta,suresh.gupta546@gmail.com,Delhi,Delhi,2020-08-02
547,Arjun Saini,arjun.saini547@gmail.com,Mumbai,Maharashtra,2018-08-28
548,Shweta Gupta,shweta.gupta548@gmail.com,Bhopal,Madhya Pradesh,2021-03-03
549,Arjun Sharma,arjun.sharma549@gmail.com,Jaipur,Rajasthan,2019-06-15
550,Shweta Kumar,shweta.kumar550@gmail.com,Bhopal,Madhya Pradesh,2018-02-20
551,Rahul Rajput,rahul.rajput551@gmail.com,Hyderabad,Telangana,2017-02-12
552,Sneha Yadav,sneha.yadav552@gmail.com,Patna,Bihar,2018-03-12
553,Ravi Kumar,ravi.kumar553@gmail.com,Jaipur,Rajasthan,2020-05-26
554,Deepak Patel,deepak.patel554@gmail.com,Chandigarh,Chandigarh,2018-12-24
555,Nisha Singh,nisha.singh555@gmail.com,Chandigarh,Chandigarh,2017-08-03
556,Mohit Verma,mohit.verma556@gmail.com,Delhi,Delhi,2020-11-19
557,Pooja Joshi,pooja.joshi557@gmail.com,Surat,Gujarat,2017-09-17
558,Shweta Agarwal,shweta.agarwal558@gmail.com,Kota,Rajasthan,2017-06-04
559,Karan Jain,karan.jain559@gmail.com,Delhi,Delhi,2021-04-18
560,Rahul Rajput,rahul.rajput560@gmail.com,Chennai,Tamil Nadu,2016-12-29
561,Amit Mishra,amit.mishra561@gmail.com,Jaipur,Rajasthan,2021-02-08
562,Rohit Joshi,rohit.joshi562@gmail.com,Lucknow,Uttar Pradesh,2017-12-23
563,Kavita Meena,kavita.meena563@gmail.com,Mumbai,Maharashtra,2020-03-06
564,Manish Verma,manish.verma564@gmail.com,Jaipur,Rajasthan,2019-09-03
565,Mohit Meena,mohit.meena565@gmail.com,Mumbai,Maharashtra,2023-09-06
566,Shweta Patel,shweta.patel566@gmail.com,Indore,Madhya Pradesh,2025-06-02
567,Sneha Meena,sneha.meena567@gmail.com,Delhi,Delhi,2023-09-18
568,Shweta Kumar,shweta.kumar568@gmail.com,Surat,Gujarat,2018-11-22
569,Suresh Kumar,suresh.kumar569@gmail.com,Hyderabad,Telangana,2024-12-01
570,Rohit Meena,rohit.meena570@gmail.com,Udaipur,Rajasthan,2019-07-14
571,Suresh Singh,suresh.singh571@gmail.com,Bengaluru,Karnataka,2016-03-23
572,Amit Singh,amit.singh572@gmail.com,Ahmedabad,Gujarat,2024-10-10
573,Rohit Sharma,rohit.sharma573@gmail.com,Pune,Maharashtra,2022-09-30
574,Shweta Meena,shweta.meena574@gmail.com,Kota,Rajasthan,2016-02-23
575,Neha Bansal,neha.bansal575@gmail.com,Delhi,Delhi,2024-07-21
576,Karan Yadav,karan.yadav576@gmail.com,Indore,Madhya Pradesh,2016-02-03
577,Manish Saini,manish.saini577@gmail.com,Bengaluru,Karnataka,2023-08-03
578,Suresh Meena,suresh.meena578@gmail.com,Lucknow,Uttar Pradesh,2018-07-04
579,Karan Rajput,karan.rajput579@gmail.com,Kolkata,West Bengal,2020-04-23
580,Arjun Saini,arjun.saini580@gmail.com,Kota,Rajasthan,2022-03-18
581,Nisha Rajput,nisha.rajput581@gmail.com,Patna,Bihar,2017-10-05
582,Rohit Meena,rohit.meena582@gmail.com,Kota,Rajasthan,2017-03-06
583,Neha Bansal,neha.bansal583@gmail.com,Jodhpur,Rajasthan,2019-09-13
584,Meena Bansal,meena.bansal584@gmail.com,Udaipur,Rajasthan,2025-08-27
585,Vikas Yadav,vikas.yadav585@gmail.com,Chandigarh,Chandigarh,2019-03-09
586,Komal Mishra,komal.mishra586@gmail.com,Patna,Bihar,2025-11-15
587,Manish Verma,manish.verma587@gmail.com,Chennai,Tamil Nadu,2018-06-22
588,Nisha Mishra,nisha.mishra588@gmail.com,Mumbai,Maharashtra,2018-09-26
589,Amit Agarwal,amit.agarwal589@gmail.com,Lucknow,Uttar Pradesh,2021-05-21
590,Shweta Meena,shweta.meena590@gmail.com,Kolkata,West Bengal,2020-01-10
591,Karan Sharma,karan.sharma591@gmail.com,Chandigarh,Chandigarh,2022-05-16
592,Riya Agarwal,riya.agarwal592@gmail.com,Delhi,Delhi,2018-06-02
593,Suresh Rajput,suresh.rajput593@gmail.com,Jodhpur,Rajasthan,2024-05-07
594,Simran Kumar,simran.kumar594@gmail.com,Pune,Maharashtra,2023-04-09
595,Anjali Jain,anjali.jain595@gmail.com,Udaipur,Rajasthan,2019-06-14
596,Simran Joshi,simran.joshi596@gmail.com,Kolkata,West Bengal,2024-01-25
597,Arjun Sharma,arjun.sharma597@gmail.com,Jaipur,Rajasthan,2018-08-07
598,Komal Rajput,komal.rajput598@gmail.com,Chennai,Tamil Nadu,2023-03-04
599,Akash Patel,akash.patel599@gmail.com,Jodhpur,Rajasthan,2020-10-30
600,Riya Bansal,riya.bansal600@gmail.com,Chandigarh,Chandigarh,2020-01-22
