product_id,product_name,category,price,cost_price
201,Laptop,Electronics,55000.0,42000.0
202,Mouse,Electronics,800.0,450.0
203,Keyboard,Electronics,1500.0,900.0
204,Headphones,Electronics,2500.0,1400.0
205,T-Shirt,Fashion,999.0,500.0
206,Jeans,Fashion,1999.0,1100.0
207,Shoes,Fashion,2999.0,1800.0
208,Backpack,Accessories,1499.0,800.0
209,Watch,Accessories,2499.0,1500.0
210,Mobile Phone,Electronics,25000.0,19000.0
211,Keyboard,Electronics,1500.0,850.0
212,Monitor,Electronics,12500.0,9000.0
213,Headphones,Electronics,2200.0,1200.0
214,Smartphone,Electronics,28000.0,21000.0
215,Tablet,Electronics,18000.0,13500.0
216,Power Bank,Electronics,1800.0,1050.0
217,USB Cable,Electronics,500.0,250.0
218,Webcam,Electronics,3500.0,2200.0
219,Office Chair,Furniture,8500.0,6000.0
220,Desk,Furniture,7000.0,4800.0
221,Bookshelf,Furniture,5500.0,3600.0
222,Backpack,Accessories,1800.0,950.0
223,Wallet,Accessories,900.0,450.0
224,Watch,Accessories,3500.0,2100.0
225,Shoes,Fashion,3000.0,1800.0
226,T-Shirt,Fashion,900.0,450.0
227,Jeans,Fashion,1800.0,950.0
228,Jacket,Fashion,3200.0,1900.0
229,Coffee Maker,Home Appliances,6500.0,4200.0
230,Mixer Grinder,Home Appliances,4800.0,3000.0
